CREATE DATABASE  IF NOT EXISTS `vibecheck` /*!40100 DEFAULT CHARACTER SET utf8mb4 COLLATE utf8mb4_0900_ai_ci */ /*!80016 DEFAULT ENCRYPTION='N' */;
USE `vibecheck`;
-- MySQL dump 10.13  Distrib 8.0.41, for Win64 (x86_64)
--
-- Host: localhost    Database: vibecheck
-- ------------------------------------------------------
-- Server version	9.2.0

/*!40101 SET @OLD_CHARACTER_SET_CLIENT=@@CHARACTER_SET_CLIENT */;
/*!40101 SET @OLD_CHARACTER_SET_RESULTS=@@CHARACTER_SET_RESULTS */;
/*!40101 SET @OLD_COLLATION_CONNECTION=@@COLLATION_CONNECTION */;
/*!50503 SET NAMES utf8 */;
/*!40103 SET @OLD_TIME_ZONE=@@TIME_ZONE */;
/*!40103 SET TIME_ZONE='+00:00' */;
/*!40014 SET @OLD_UNIQUE_CHECKS=@@UNIQUE_CHECKS, UNIQUE_CHECKS=0 */;
/*!40014 SET @OLD_FOREIGN_KEY_CHECKS=@@FOREIGN_KEY_CHECKS, FOREIGN_KEY_CHECKS=0 */;
/*!40101 SET @OLD_SQL_MODE=@@SQL_MODE, SQL_MODE='NO_AUTO_VALUE_ON_ZERO' */;
/*!40111 SET @OLD_SQL_NOTES=@@SQL_NOTES, SQL_NOTES=0 */;

--
-- Table structure for table `accounts`
--

DROP TABLE IF EXISTS `accounts`;
/*!40101 SET @saved_cs_client     = @@character_set_client */;
/*!50503 SET character_set_client = utf8mb4 */;
CREATE TABLE `accounts` (
  `userid` int NOT NULL AUTO_INCREMENT,
  `admin` tinyint(1) DEFAULT NULL,
  `username` varchar(255) NOT NULL,
  `password` varchar(255) NOT NULL,
  `email` varchar(255) NOT NULL,
  PRIMARY KEY (`userid`)
) ENGINE=InnoDB AUTO_INCREMENT=4 DEFAULT CHARSET=utf8mb4 COLLATE=utf8mb4_0900_ai_ci;
/*!40101 SET character_set_client = @saved_cs_client */;

--
-- Dumping data for table `accounts`
--

LOCK TABLES `accounts` WRITE;
/*!40000 ALTER TABLE `accounts` DISABLE KEYS */;
INSERT INTO `accounts` VALUES (1,0,'user1','$2b$10$Lfa5x5ts9iFiY5lpNSp45uqn61vL53xN7GK8We/yX73g0OQ4E8C7O','user1@example.com'),(2,1,'admin1','$2b$10$eT/LidqQOd88Sf0EtvtsieiexNjTaAonkmdO2Ei5f3h3P4PpLpxx.','admin1@example.com'),(3,0,'user2','$2b$10$c2mw.hSZS4MliquhUf5Hn.cepUIyFE89rQ44s./lrIwagFxxI/bja','user2@example.com');
/*!40000 ALTER TABLE `accounts` ENABLE KEYS */;
UNLOCK TABLES;

--
-- Table structure for table `character_traits`
--

DROP TABLE IF EXISTS `character_traits`;
/*!40101 SET @saved_cs_client     = @@character_set_client */;
/*!50503 SET character_set_client = utf8mb4 */;
CREATE TABLE `character_traits` (
  `characterid` int NOT NULL,
  `trait_id` int NOT NULL,
  PRIMARY KEY (`characterid`,`trait_id`),
  KEY `trait_id` (`trait_id`),
  CONSTRAINT `character_traits_ibfk_1` FOREIGN KEY (`characterid`) REFERENCES `characters` (`characterid`),
  CONSTRAINT `character_traits_ibfk_2` FOREIGN KEY (`trait_id`) REFERENCES `traits` (`id`)
) ENGINE=InnoDB DEFAULT CHARSET=utf8mb4 COLLATE=utf8mb4_0900_ai_ci;
/*!40101 SET character_set_client = @saved_cs_client */;

--
-- Dumping data for table `character_traits`
--

LOCK TABLES `character_traits` WRITE;
/*!40000 ALTER TABLE `character_traits` DISABLE KEYS */;
/*!40000 ALTER TABLE `character_traits` ENABLE KEYS */;
UNLOCK TABLES;

--
-- Table structure for table `characters`
--

DROP TABLE IF EXISTS `characters`;
/*!40101 SET @saved_cs_client     = @@character_set_client */;
/*!50503 SET character_set_client = utf8mb4 */;
CREATE TABLE `characters` (
  `characterid` int NOT NULL AUTO_INCREMENT,
  `name` varchar(255) DEFAULT NULL,
  `difficulty` int DEFAULT NULL,
  PRIMARY KEY (`characterid`)
) ENGINE=InnoDB AUTO_INCREMENT=4 DEFAULT CHARSET=utf8mb4 COLLATE=utf8mb4_0900_ai_ci;
/*!40101 SET character_set_client = @saved_cs_client */;

--
-- Dumping data for table `characters`
--

LOCK TABLES `characters` WRITE;
/*!40000 ALTER TABLE `characters` DISABLE KEYS */;
INSERT INTO `characters` VALUES (1,'Character1',1),(2,'Character2',2),(3,'Character3',3);
/*!40000 ALTER TABLE `characters` ENABLE KEYS */;
UNLOCK TABLES;

--
-- Table structure for table `games`
--

DROP TABLE IF EXISTS `games`;
/*!40101 SET @saved_cs_client     = @@character_set_client */;
/*!50503 SET character_set_client = utf8mb4 */;
CREATE TABLE `games` (
  `gameid` int NOT NULL AUTO_INCREMENT,
  `userid` int DEFAULT NULL,
  `topscore` int DEFAULT NULL,
  `topmoney` int DEFAULT NULL,
  PRIMARY KEY (`gameid`),
  KEY `userid` (`userid`),
  CONSTRAINT `games_ibfk_1` FOREIGN KEY (`userid`) REFERENCES `accounts` (`userid`)
) ENGINE=InnoDB AUTO_INCREMENT=4 DEFAULT CHARSET=utf8mb4 COLLATE=utf8mb4_0900_ai_ci;
/*!40101 SET character_set_client = @saved_cs_client */;

--
-- Dumping data for table `games`
--

LOCK TABLES `games` WRITE;
/*!40000 ALTER TABLE `games` DISABLE KEYS */;
INSERT INTO `games` VALUES (1,1,500,1000),(2,2,700,1500),(3,3,600,1200);
/*!40000 ALTER TABLE `games` ENABLE KEYS */;
UNLOCK TABLES;

--
-- Table structure for table `traits`
--

DROP TABLE IF EXISTS `traits`;
/*!40101 SET @saved_cs_client     = @@character_set_client */;
/*!50503 SET character_set_client = utf8mb4 */;
CREATE TABLE `traits` (
  `id` int NOT NULL AUTO_INCREMENT,
  `trait_name` varchar(100) NOT NULL,
  PRIMARY KEY (`id`),
  UNIQUE KEY `trait_name` (`trait_name`)
) ENGINE=InnoDB DEFAULT CHARSET=utf8mb4 COLLATE=utf8mb4_0900_ai_ci;
/*!40101 SET character_set_client = @saved_cs_client */;

--
-- Dumping data for table `traits`
--

LOCK TABLES `traits` WRITE;
/*!40000 ALTER TABLE `traits` DISABLE KEYS */;
/*!40000 ALTER TABLE `traits` ENABLE KEYS */;
UNLOCK TABLES;

--
-- Table structure for table `unlocked_characters`
--

DROP TABLE IF EXISTS `unlocked_characters`;
/*!40101 SET @saved_cs_client     = @@character_set_client */;
/*!50503 SET character_set_client = utf8mb4 */;
CREATE TABLE `unlocked_characters` (
  `userid` int NOT NULL,
  `characterid` int NOT NULL,
  PRIMARY KEY (`userid`,`characterid`),
  KEY `characterid` (`characterid`),
  CONSTRAINT `unlocked_characters_ibfk_1` FOREIGN KEY (`userid`) REFERENCES `accounts` (`userid`),
  CONSTRAINT `unlocked_characters_ibfk_2` FOREIGN KEY (`characterid`) REFERENCES `characters` (`characterid`)
) ENGINE=InnoDB DEFAULT CHARSET=utf8mb4 COLLATE=utf8mb4_0900_ai_ci;
/*!40101 SET character_set_client = @saved_cs_client */;

--
-- Dumping data for table `unlocked_characters`
--

LOCK TABLES `unlocked_characters` WRITE;
/*!40000 ALTER TABLE `unlocked_characters` DISABLE KEYS */;
INSERT INTO `unlocked_characters` VALUES (1,1),(3,1),(1,2),(2,3);
/*!40000 ALTER TABLE `unlocked_characters` ENABLE KEYS */;
UNLOCK TABLES;
/*!40103 SET TIME_ZONE=@OLD_TIME_ZONE */;

/*!40101 SET SQL_MODE=@OLD_SQL_MODE */;
/*!40014 SET FOREIGN_KEY_CHECKS=@OLD_FOREIGN_KEY_CHECKS */;
/*!40014 SET UNIQUE_CHECKS=@OLD_UNIQUE_CHECKS */;
/*!40101 SET CHARACTER_SET_CLIENT=@OLD_CHARACTER_SET_CLIENT */;
/*!40101 SET CHARACTER_SET_RESULTS=@OLD_CHARACTER_SET_RESULTS */;
/*!40101 SET COLLATION_CONNECTION=@OLD_COLLATION_CONNECTION */;
/*!40111 SET SQL_NOTES=@OLD_SQL_NOTES */;

-- Dump completed on 2025-03-27 14:20:52
